login,firstName,lastName,email,secondEmail,mobilePhone
sarah.chen@acmelabs.test,Sarah,Chen,sarah.chen@acmelabs.test,,
michael.torres@acmelabs.test,Michael,Torres,michael.torres@acmelabs.test,,
james.wilson@acmelabs.test,James,Wilson,james.wilson@acmelabs.test,,
emily.rodriguez@acmelabs.test,Emily,Rodriguez,emily.rodriguez@acmelabs.test,,
david.kim@acmelabs.test,David,Kim,david.kim@acmelabs.test,,
jessica.patel@acmelabs.test,Jessica,Patel,jessica.patel@acmelabs.test,,
ryan.obrien@acmelabs.test,Ryan,O'Brien,ryan.obrien@acmelabs.test,,
amanda.foster@acmelabs.test,Amanda,Foster,amanda.foster@acmelabs.test,,
kevin.nguyen@acmelabs.test,Kevin,Nguyen,kevin.nguyen@acmelabs.test,,
lisa.martinez@acmelabs.test,Lisa,Martinez,lisa.martinez@acmelabs.test,,
brandon.cooper@acmelabs.test,Brandon,Cooper,brandon.cooper@acmelabs.test,,
michelle.thompson@acmelabs.test,Michelle,Thompson,michelle.thompson@acmelabs.test,,
christopher.lee@acmelabs.test,Christopher,Lee,christopher.lee@acmelabs.test,,
stephanie.garcia@acmelabs.test,Stephanie,Garcia,stephanie.garcia@acmelabs.test,,
daniel.wright@acmelabs.test,Daniel,Wright,daniel.wright@acmelabs.test,,
rachel.adams@acmelabs.test,Rachel,Adams,rachel.adams@acmelabs.test,,
tyler.bennett@acmelabs.test,Tyler,Bennett,tyler.bennett@acmelabs.test,,
megan.clark@acmelabs.test,Megan,Clark,megan.clark@acmelabs.test,,
justin.hall@acmelabs.test,Justin,Hall,justin.hall@acmelabs.test,,
lauren.young@acmelabs.test,Lauren,Young,lauren.young@acmelabs.test,,
andrew.king@acmelabs.test,Andrew,King,andrew.king@acmelabs.test,,
patricia.morgan@acmelabs.test,Patricia,Morgan,patricia.morgan@acmelabs.test,,
joshua.scott@acmelabs.test,Joshua,Scott,joshua.scott@acmelabs.test,,
samantha.green@acmelabs.test,Samantha,Green,samantha.green@acmelabs.test,,
nicholas.baker@acmelabs.test,Nicholas,Baker,nicholas.baker@acmelabs.test,,
ashley.nelson@acmelabs.test,Ashley,Nelson,ashley.nelson@acmelabs.test,,
matthew.carter@acmelabs.test,Matthew,Carter,matthew.carter@acmelabs.test,,
sandra.mitchell@acmelabs.test,Sandra,Mitchell,sandra.mitchell@acmelabs.test,,
brittany.phillips@acmelabs.test,Brittany,Phillips,brittany.phillips@acmelabs.test,,
jacob.evans@acmelabs.test,Jacob,Evans,jacob.evans@acmelabs.test,,
nicole.turner@acmelabs.test,Nicole,Turner,nicole.turner@acmelabs.test,,
eric.campbell@acmelabs.test,Eric,Campbell,eric.campbell@acmelabs.test,,
robert.parker@acmelabs.test,Robert,Parker,robert.parker@acmelabs.test,,
heather.murphy@acmelabs.test,Heather,Murphy,heather.murphy@acmelabs.test,,
adam.rivera@acmelabs.test,Adam,Rivera,adam.rivera@acmelabs.test,,
christina.cox@acmelabs.test,Christina,Cox,christina.cox@acmelabs.test,,
steven.howard@acmelabs.test,Steven,Howard,steven.howard@acmelabs.test,,
kimberly.ward@acmelabs.test,Kimberly,Ward,kimberly.ward@acmelabs.test,,
jonathan.brooks@acmelabs.test,Jonathan,Brooks,jonathan.brooks@acmelabs.test,,
melissa.gray@acmelabs.test,Melissa,Gray,melissa.gray@acmelabs.test,,
brian.price@acmelabs.test,Brian,Price,brian.price@acmelabs.test,,
angela.simmons@acmelabs.test,Angela,Simmons,angela.simmons@acmelabs.test,,
timothy.russell@acmelabs.test,Timothy,Russell,timothy.russell@acmelabs.test,,
rebecca.griffin@acmelabs.test,Rebecca,Griffin,rebecca.griffin@acmelabs.test,,
jason.diaz@acmelabs.test,Jason,Diaz,jason.diaz@acmelabs.test,,
jennifer.walsh@acmelabs.test,Jennifer,Walsh,jennifer.walsh@acmelabs.test,,
marcus.hayes@acmelabs.test,Marcus,Hayes,marcus.hayes@acmelabs.test,,
olivia.barnes@acmelabs.test,Olivia,Barnes,olivia.barnes@acmelabs.test,,
nathan.coleman@acmelabs.test,Nathan,Coleman,nathan.coleman@acmelabs.test,,
victoria.reed@acmelabs.test,Victoria,Reed,victoria.reed@acmelabs.test,,
